<?xml version="1.0" encoding="UTF-8"?>
<odoo>
    <data>
    	<record id="call_center_mail_template" model="mail.template">
    		<field name="current_user">Submit Request</field>
    		<field name="email_from">${email}</field>
    		<field name="subject">Call Center Request</field>
    		<field name="lang">${object.lang}</field>
    		<field name="model_id" ref="model_call_center_request_pin"></field>
    		<field name="auto_delete" eval="True"/>
    		<field name="body_html">
    			<![CDATA[
         			<p>Hello ${(object.current_user.current_user)},<br/><br/>
         			 Has made a Orange Money Request Pending your approval, Please Login to process the request.<br/></p>
              		Best Regards,<br/>
                  --
                  Sent by Orange using OLIB-REQUEST<br/>
              		]]>
              			
            </field>
    	</record>
    </data>
</odoo>