id,name,model_id:id,group_id:id,perm_read,perm_write,perm_create,perm_unlink
access_mail_message_all,mail.message.all,model_mail_message,,1,0,0,0
access_mail_message_portal,mail.message.portal,model_mail_message,base.group_portal,1,1,1,1
access_mail_message_user,mail.message.user,model_mail_message,base.group_user,1,1,1,1
access_mail_mail_all,mail.mail.all,model_mail_mail,,1,0,0,0
access_mail_mail_portal,mail.mail.portal,model_mail_mail,base.group_portal,1,1,1,0
access_mail_mail_user,mail.mail.user,model_mail_mail,base.group_user,1,1,1,0
access_mail_mail_system,mail.mail.system,model_mail_mail,base.group_system,1,1,1,1
access_mail_followers_all,mail.followers.all,model_mail_followers,,1,0,0,0
access_mail_followers_portal,mail.followers.portal,model_mail_followers,base.group_portal,1,1,1,0
access_mail_followers_user,mail.followers.user,model_mail_followers,base.group_user,1,1,1,0
access_mail_followers_system,mail.followers.system,model_mail_followers,base.group_system,1,1,1,1
access_mail_notification_portal,mail.notification.portal,model_mail_notification,base.group_portal,1,0,0,0
access_mail_notification_user,mail.notification.user,model_mail_notification,base.group_user,1,1,1,0
access_mail_notification_system, mail.notification.system,model_mail_notification,base.group_system,1,1,1,1
access_mail_channel_all,mail.group.all,model_mail_channel,,1,0,0,0
access_mail_channel_user,mail.group.user,model_mail_channel,base.group_user,1,1,1,1
access_mail_channel_partner_public,mail.channel.partner.public,model_mail_channel_partner,base.group_public,1,0,0,0
access_mail_channel_partner_portal,mail.channel.partner.portal,model_mail_channel_partner,base.group_portal,1,1,1,1
access mail_channel_partner_user,mail.channel.partner.user,model_mail_channel_partner,base.group_user,1,1,1,1
access_mail_alias_all,mail.alias.all,model_mail_alias,,1,0,0,0
access_mail_alias_user,mail.alias.user,model_mail_alias,base.group_user,1,1,1,1
access_mail_alias_system,mail.alias.system,model_mail_alias,base.group_system,1,1,1,1
access_mail_message_subtype_all,mail.message.subtype.all,model_mail_message_subtype,,1,0,0,0
access_mail_message_subtype_user,mail.message.subtype.user,model_mail_message_subtype,base.group_user,1,1,1,1
access_mail_tracking_value_all,mail.tracking.value.all,model_mail_tracking_value,,0,0,0,0
access_mail_tracking_value_portal,mail.tracking.value.portal,model_mail_tracking_value,base.group_portal,0,0,0,0
access_mail_tracking_value_user,mail.tracking.value.user,model_mail_tracking_value,base.group_user,0,0,0,0
access_mail_tracking_value_system,mail.tracking.value.system,model_mail_tracking_value,base.group_system,1,1,1,1
access_mail_thread_all,mail.thread.all,model_mail_thread,,1,1,1,1
access_publisher_warranty_contract_all,publisher.warranty.contract.all,model_publisher_warranty_contract,,1,1,1,1
access_mail_template,mail.template,model_mail_template,base.group_user,1,1,1,0
access_mail_template_system,mail.template_system,model_mail_template,base.group_system,1,1,1,1
access_mail_shortcode,mail.shortcode,model_mail_shortcode,base.group_user,1,1,1,1
access_mail_shortcode_portal,mail.shortcode.portal,model_mail_shortcode,base.group_portal,1,0,0,0
access_mail_test_user,mail.test.all,model_mail_test,base.group_user,1,1,1,1
access_mail_test_portal,mail.test.all,model_mail_test,base.group_portal,1,1,0,0
access_mail_test_simple,mail.test.simple.all,model_mail_test_simple,base.group_user,1,1,1,1
access_mail_activity_all,mail.activity.all,model_mail_activity,,0,0,0,0
access_mail_activity_user,mail.activity.user,model_mail_activity,base.group_user,1,1,1,1
access_mail_activity_type_all,mail.activity.type.all,model_mail_activity_type,,0,0,0,0
access_mail_activity_type_user,mail.activity.type.user,model_mail_activity_type,base.group_user,1,1,1,1
