<?xml version="1.0" encoding="utf-8"?>
<odoo>

  <record model="ir.module.category" id="module_category_call_center">
    <field name="name">Call Center Request</field>
  </record>

  <!--CALL CENTER USERS ACCESS START  -->
  <record id="group_call_center_user" model="res.groups">
    <field name="name">Users-Call Center Request</field>
    <field name="category_id" ref="module_category_call_center"/>
  </record>
  <!--CCENTER USERS ACCESS END  -->

  <!--CALL CENTER USERS RULE START  -->
  <record model="ir.rule" id="request_record_users_rule">
    <field name="name">See only created requests</field>
    <field name="model_id" ref="model_call_center_request_pin"/>
    <field name="domain_force">[('current_user', '=', user.id)]</field>
    <field name="groups" eval="[(4, ref('group_call_center_user'))]"/>
  </record>
  <!--CALL CENTER USERS RULE END  -->

  <!--CALL BACK OFFICE ACCESS START  -->
  <record id="group_back_office_user" model="res.groups">
    <field name="name">Users-Back Office</field>
    <field name="category_id" ref="module_category_call_center"/>
  </record>
  <!--BACK OFFICE ACCESS END  -->

  <!--BACK OFFICE RULE START  -->
  <record model="ir.rule" id="request_record_back_office_rule">
    <field name="name">See back office request</field>
    <field name="model_id" ref="model_call_center_request_pin"/>
   <!--  <field name="domain_force">[]</field> -->
    <field name="domain_force">[('state','in',('ombackoffice','callcenter','pinreset','unblock','invalid'))]</field>
    <!-- <field name="domain_force">[["state","in",["ombackoffice"]]]</field> -->
    <field name="groups" eval="[(4, ref('group_back_office_user'))]"/>
  </record>
  <!--BACK OFFICE RULE END  -->

  <!--CALL CENTER VALIDATE ACCESS START HERE  -->
  <record id="group_call_center_user_validate" model="res.groups">
    <field name="name">Users-Call Center Validate</field>
    <field name="category_id" ref="module_category_call_center"/>
  </record>
  <!--CALL CENTER VALIDATE ACCESS END HERE  -->

  <!--CALL CENTER VALIDATE RULE START  -->
  <record model="ir.rule" id="request_record_call_center_request_rule">
    <field name="name">See call center request</field>
    <field name="model_id" ref="model_call_center_request_pin"/>
   <!--  <field name="domain_force">[]</field> -->
    <field name="domain_force">[["state","in",["callcenter"]]]</field>
    <field name="groups" eval="[(4, ref('group_call_center_user_validate'))]"/>
  </record>
  <!--CALL CENTER VALIDATE RULE END  -->

  <!--CALL CENTER SUPERVISOR VALIDATE ACCESS START HERE  -->
  <record id="group_call_center_supervisor_access" model="res.groups">
    <field name="name">Call Center Supervisor</field>
    <field name="category_id" ref="module_category_call_center"/>
  </record>
  <!--CALL CENTER SUPERVISOR VALIDATE ACCESS END HERE  -->

  <!--CALL CENTER SUPERVISOR VALIDATE RULE START  -->
  <record model="ir.rule" id="request_record_call_center_supervisor_access_rule">
    <field name="name">See call center request</field>
    <field name="model_id" ref="model_call_center_request_pin"/>
    <field name="domain_force">[('state','in',('callcenter','pinreset','unblock'))]</field>
    <!-- <field name="domain_force">[["state","in",["callcenter"],["pinreset"]]]</field> -->
    <field name="groups" eval="[(4, ref('group_call_center_supervisor_access'))]"/>
  </record>
  <!--CALL CENTER SUPERVISOR VALIDATE RULE END  -->



  <!--CALL CENTER MANAGER ACCESS START  -->
  <record id="group_call_center_manager" model="res.groups">
    <field name="name">Manager</field>
    <field name="category_id" ref="module_category_call_center"/>
    <field name="implied_ids" eval="[(4, ref('olib_call_center.group_call_center_user'))]" />
  </record>
  <!--CALL CENTER MANAGER ACCESS END  -->

  <!--CALL CENTER MANAGER RULE START  -->
  <record model="ir.rule" id="request_record_manager_rule">
    <field name="name">Manager - See all user requests</field>
    <field name="model_id" ref="model_call_center_request_pin"/>
    <field name="domain_force">[]</field>
    <field name="groups" eval="[(4, ref('group_call_center_manager'))]"/>
  </record>
  <!--CALL CENTER MANAGER RULE END  -->

  <!--CALL CENTER MANAGER SUPER START  -->
  <record id="group_call_center_admin" model="res.groups">
    <field name="name">Super Admin</field>
    <field name="category_id" ref="module_category_call_center"/>
    <field name="implied_ids" eval="[(4, ref('olib_call_center.group_call_center_manager'))]" />
  </record>
  <!--CALL CENTER MANAGER SUPER END  -->


  <!--CALL CENTER SUPER ADMIN RULE START  -->
  <record model="ir.rule" id="request_record_super_admin_rule">
    <field name="name">Super Admin- See all user requests</field>
    <field name="model_id" ref="model_call_center_request_pin"/>
    <field name="domain_force">[]</field>
    <field name="groups" eval="[(4, ref('group_call_center_manager'))]"/>
  </record>
  <!--CALL CENTER SUPER ADMIN RULE END  -->


</odoo>