id,name,model_id:id,group_id:id,perm_read,perm_write,perm_create,perm_unlink
access_call_center_request_pin,access.call.center.request.pin,model_call_center_request_pin,olib_call_center.group_call_center_user,1,1,1,0
access_valid_request_backoffice,access.valid.request.backoffice,model_valid_request_backoffice,olib_call_center.group_call_center_user,group_back_office_user,1,1,1,0

access_invalid_request_backoffice,access.invalid.request.backoffice,model_invalid_request_backoffice,olib_call_center.group_call_center_user,group_back_office_user,1,1,1,0


access_callcenter_request_pinreset,access.callcenter.request.pinreset,model_callcenter_request_pinreset,olib_call_center.group_call_center_user,1,1,1,0

access_callcenter_request_unblock,access.callcenter.request.unblock,model_callcenter_request_unblock,olib_call_center.group_call_center_user,group_back_office_user,1,1,1,0


access_group_validation,access.group.validation,model_group_validation,olib_call_center.group_call_center_user,1,1,1,0


access_callcenter_group_validation,access.callcenter.group.validation,model_callcenter_group_validation,olib_call_center.group_call_center_user,group_back_office_user,1,1,1,0